{
    "total_runtime": 385.5214796066284,
    "num_documents": 1,
    "input_load_time": 0,
    "workflows": {
        "create_base_text_units": {
            "overall": 0.2240002155303955,
            "0_orderby": 0.003002643585205078,
            "1_zip": 0.003998279571533203,
            "2_aggregate_override": 0.010000944137573242,
            "3_chunk": 0.15999770164489746,
            "4_select": 0.006000518798828125,
            "5_unroll": 0.009000539779663086,
            "6_rename": 0.003999471664428711,
            "7_genid": 0.0040013790130615234,
            "8_unzip": 0.00500035285949707,
            "9_copy": 0.0029993057250976562,
            "10_filter": 0.013999700546264648
        },
        "create_base_extracted_entities": {
            "overall": 195.34348273277283,
            "0_entity_extract": 195.31638073921204,
            "1_merge_graphs": 0.02210092544555664
        },
        "create_final_covariates": {
            "overall": 105.60760712623596,
            "0_extract_covariates": 105.56683611869812,
            "1_window": 0.00500035285949707,
            "2_genid": 0.00556182861328125,
            "3_convert": 0.013303518295288086,
            "4_rename": 0.00631260871887207,
            "5_select": 0.00559234619140625
        },
        "create_summarized_entities": {
            "overall": 14.824770450592041,
            "0_summarize_descriptions": 14.818771362304688
        },
        "join_text_units_to_covariate_ids": {
            "overall": 0.025998592376708984,
            "0_select": 0.006998777389526367,
            "1_aggregate_override": 0.01199960708618164
        },
        "create_base_entity_graph": {
            "overall": 0.06800055503845215,
            "0_cluster_graph": 0.05299997329711914,
            "1_select": 0.007999897003173828
        },
        "create_final_entities": {
            "overall": 2.9060752391815186,
            "0_unpack_graph": 0.018999814987182617,
            "1_rename": 0.009002447128295898,
            "2_select": 0.007999181747436523,
            "3_dedupe": 0.009999990463256836,
            "4_rename": 0.008999109268188477,
            "5_filter": 0.021001815795898438,
            "6_text_split": 0.010999441146850586,
            "7_drop": 0.010000944137573242,
            "8_merge": 0.024997472763061523,
            "9_text_embed": 2.741485357284546,
            "10_drop": 0.010999202728271484,
            "11_filter": 0.0235903263092041
        },
        "create_final_nodes": {
            "overall": 0.2647104263305664,
            "0_layout_graph": 0.05499982833862305,
            "1_unpack_graph": 0.022710084915161133,
            "2_unpack_graph": 0.024999618530273438,
            "3_filter": 0.037000179290771484,
            "4_drop": 0.012000799179077148,
            "5_select": 0.013001680374145508,
            "6_rename": 0.013000965118408203,
            "7_join": 0.021997928619384766,
            "8_convert": 0.041998863220214844,
            "9_rename": 0.013000965118408203
        },
        "create_final_communities": {
            "overall": 0.30463218688964844,
            "0_unpack_graph": 0.023999452590942383,
            "1_unpack_graph": 0.023999929428100586,
            "2_aggregate_override": 0.016000032424926758,
            "3_join": 0.020000219345092773,
            "4_join": 0.01800251007080078,
            "5_concat": 0.014004707336425781,
            "6_filter": 0.041623592376708984,
            "7_aggregate_override": 0.01900029182434082,
            "8_join": 0.01900005340576172,
            "9_filter": 0.032000064849853516,
            "10_fill": 0.015000343322753906,
            "11_merge": 0.017999649047851562,
            "12_copy": 0.01600050926208496,
            "13_select": 0.01600170135498047
        },
        "join_text_units_to_entity_ids": {
            "overall": 0.06800103187561035,
            "0_select": 0.01600050926208496,
            "1_unroll": 0.0169985294342041,
            "2_aggregate_override": 0.019001245498657227
        },
        "create_final_relationships": {
            "overall": 0.23100018501281738,
            "0_unpack_graph": 0.029001712799072266,
            "1_filter": 0.03699851036071777,
            "2_rename": 0.017003297805786133,
            "3_filter": 0.03999614715576172,
            "4_drop": 0.017005443572998047,
            "5_compute_edge_combined_degree": 0.020997285842895508,
            "6_convert": 0.035997867584228516,
            "7_convert": 0.017999649047851562
        },
        "join_text_units_to_relationship_ids": {
            "overall": 0.09499955177307129,
            "0_select": 0.017999649047851562,
            "1_unroll": 0.01900005340576172,
            "2_aggregate_override": 0.020999670028686523,
            "3_select": 0.01900005340576172
        },
        "create_final_community_reports": {
            "overall": 62.079307317733765,
            "0_prepare_community_reports_nodes": 0.020999431610107422,
            "1_prepare_community_reports_edges": 0.021999835968017578,
            "2_prepare_community_reports_claims": 0.02100062370300293,
            "3_restore_community_hierarchy": 0.02299976348876953,
            "4_prepare_community_reports": 0.12599992752075195,
            "5_create_community_reports": 61.82030439376831,
            "6_window": 0.028003692626953125
        },
        "create_final_text_units": {
            "overall": 0.18560051918029785,
            "0_select": 0.02099919319152832,
            "1_rename": 0.021000146865844727,
            "2_join": 0.025598764419555664,
            "3_join": 0.025000333786010742,
            "4_join": 0.026000022888183594,
            "5_aggregate_override": 0.023999929428100586,
            "6_select": 0.022001266479492188
        },
        "create_base_documents": {
            "overall": 0.24200749397277832,
            "0_unroll": 0.02299976348876953,
            "1_select": 0.02300119400024414,
            "2_rename": 0.02299952507019043,
            "3_join": 0.026447057723999023,
            "4_aggregate_override": 0.024000167846679688,
            "5_join": 0.0280001163482666,
            "6_rename": 0.023561716079711914,
            "7_convert": 0.04899954795837402
        },
        "create_final_documents": {
            "overall": 0.04877805709838867,
            "0_rename": 0.02500176429748535
        }
    }
}